{
  "name": "server",
  "version": "1.0.0",
  "main": "index.js",
  "engines": {
    "node": "10.19.0",
    "npm": "6.14.4"
  },
  "scripts": {
    "start": "node index.js",
    "server": "nodemon index.js",
    "client": "npm run start --prefix client",
    "dev": "concurrently \"npm run server\" \"npm run client\""
  },
  "author": "",
  "license": "ISC",
  "dependencies": {
    "concurrently": "^5.2.0",
    "cookie-session": "^1.4.0",
    "express": "^4.17.1",
    "mongoose": "^5.9.21",
    "nodemon": "^2.0.4",
    "passport": "^0.4.1",
    "passport-google-oauth20": "^2.0.0",
    "register-service-worker": "^1.7.1"
  },
  "devDependencies": {},
  "description": ""
}
